Country;Region;Population;Area (sq. mi.);Pop. Density (per sq. mi.);Coastline (coast/area ratio);Net migration;Infant mortality (per 1000 births);GDP ($ per capita);Literacy (%);Phones (per 1000);Arable (%);Crops (%);Other (%);Climate;Birthrate;Deathrate;Agriculture;Industry;Service
Afghanistan;ASIA (EX. NEAR EAST);31056997;647500;48.0;0.00;23.Haz;163.07;700;36.0;3.Şub;Ara.13;0.22;87.65;1;46.6;20.34;0.38;0.24;0.38
Albania;EASTERN EUROPE;3581655;28748;124.6;Oca.26;-4.93;21.52;4500;86.5;71.2;21.Eyl;Nis.42;74.49;3;15.Kas;May.22;0.232;0.188;0.579
Algeria;NORTHERN AFRICA;32930091;2381740;13.Ağu;0.04;-0.39;31;6000;70.0;78.1;Mar.22;0.25;96.53;1;17.14;Nis.61;0.101;0.6;0.298
American Samoa;OCEANIA;57794;199;290.4;58.29;-20.71;Eyl.27;8000;97.0;259.5;10;15;75;2;22.46;Mar.27;;;
Andorra;WESTERN EUROPE;71201;468;152.1;0.00;6.Haz;4.May;19000;100.0;497.2;Şub.22;0;97.78;3;Ağu.71;Haz.25;;;
Angola;SUB-SAHARAN AFRICA;12127071;1246700;9.Tem;0.13;0;191.19;1900;42.0;7.Ağu;Şub.41;0.24;97.35;;45.11;24.Şub;0.096;0.658;0.246
Anguilla;LATIN AMER. & CARIB;13477;102;132.1;59.80;Eki.76;21.Mar;8600;95.0;460.0;0;0;100;2;14.17;May.34;0.04;0.18;0.78
Antigua & Barbuda;LATIN AMER. & CARIB;69108;443;156.0;34.54;-6.15;19.46;11000;89.0;549.9;18.18;Nis.55;77.27;2;16.93;May.37;0.038;0.22;0.743
Argentina;LATIN AMER. & CARIB;39921833;2766890;14.Nis;0.18;0.61;15.18;11200;97.1;220.4;Ara.31;0.48;87.21;3;16.73;Tem.55;0.095;0.358;0.547
Armenia;C.W. OF IND. STATES;2976372;29800;99.9;0.00;-6.47;23.28;3500;98.6;195.7;17.55;2.Mar;80.15;4;12.Tem;Ağu.23;0.239;0.343;0.418
Aruba;LATIN AMER. & CARIB;71891;193;372.5;35.49;0;May.89;28000;97.0;516.1;Eki.53;0;89.47;2;11.Mar;Haz.68;0.004;0.333;0.663
Australia;OCEANIA;20264082;7686850;2.Haz;0.34;Mar.98;Nis.69;29000;100.0;565.5;Haz.55;0.04;93.41;1;Ara.14;Tem.51;0.038;0.262;0.7
Austria;WESTERN EUROPE;8192880;83870;97.7;0.00;2;Nis.66;30000;98.0;452.2;16.91;0.86;82.23;3;Ağu.74;Eyl.76;0.018;0.304;0.678
Azerbaijan;C.W. OF IND. STATES;7961619;86600;91.9;0.00;-4.9;81.74;3400;97.0;137.1;19.63;Şub.71;77.66;1;20.74;Eyl.75;0.141;0.457;0.402
Bahamas, The;LATIN AMER. & CARIB;303770;13940;21.Ağu;25.41;-2.2;25.21;16700;95.6;460.6;0.8;0.4;98.8;2;17.57;9.May;0.03;0.07;0.9
Bahrain;NEAR EAST;698585;665;1050.5;24.21;1.May;17.27;16900;89.1;281.3;Şub.82;May.63;91.55;1;17.Ağu;Nis.14;0.005;0.387;0.608
Bangladesh;ASIA (EX. NEAR EAST);147365352;144000;1023.4;0.40;-0.71;62.6;1900;43.1;7.Mar;62.11;3.Tem;34.82;2;29.Ağu;Ağu.27;0.199;0.198;0.603
Barbados;LATIN AMER. & CARIB;279912;431;649.5;22.51;-0.31;12.May;15700;97.4;481.9;37.21;Şub.33;60.46;2;Ara.71;Ağu.67;0.06;0.16;0.78
Belarus;C.W. OF IND. STATES;10293011;207600;49.6;0.00;Şub.54;13.37;6100;99.6;319.1;29.55;0.6;69.85;4;Kas.16;14.Şub;0.093;0.316;0.591
Belgium;WESTERN EUROPE;10379067;30528;340.0;0.22;Oca.23;Nis.68;29100;98.0;462.6;23.28;0.4;76.32;3;Eki.38;Eki.27;0.01;0.24;0.749
Belize;LATIN AMER. & CARIB;287730;22966;12.May;Oca.68;0;25.69;4900;94.1;115.7;Şub.85;Oca.71;95.44;2;28.84;May.72;0.142;0.152;0.612
Benin;SUB-SAHARAN AFRICA;7862944;112620;69.8;0.11;0;85;1100;40.9;9.Tem;18.Ağu;2.Nis;79.52;2;38.85;Ara.22;0.316;0.138;0.546
Bermuda;NORTHERN AMERICA;65773;53;1241.0;194.34;Şub.49;Ağu.53;36000;98.0;851.4;20;0;80;2;11.Nis;Tem.74;0.01;0.1;0.89
Bhutan;ASIA (EX. NEAR EAST);2279723;47000;48.5;0.00;0;100.44;1300;42.2;14.Mar;3.Eyl;0.43;96.48;2;33.65;12.Tem;0.258;0.379;0.363
Bolivia;LATIN AMER. & CARIB;8989046;1098580;8.Şub;0.00;-1.32;53.11;2400;87.2;71.9;Şub.67;0.19;97.14;1.May;23.Mar;Tem.53;0.128;0.352;0.52
Bosnia & Herzegovina;EASTERN EUROPE;4498976;51129;88.0;0.04;0.31;21.May;6100;;215.4;13.Haz;Şub.96;83.44;4;Ağu.77;Ağu.27;0.142;0.308;0.55
Botswana;SUB-SAHARAN AFRICA;1639833;600370;2.Tem;0.00;0;54.58;9000;79.8;80.5;0.65;0.01;99.34;1;23.Ağu;29.May;0.024;0.469;0.507
Brazil;LATIN AMER. & CARIB;188078227;8511965;22.Oca;0.09;-0.03;29.61;7600;86.4;225.3;Haz.96;0.9;92.15;2;16.56;Haz.17;0.084;0.4;0.516
British Virgin Is.;LATIN AMER. & CARIB;23098;153;151.0;52.29;10.Oca;18.May;16000;97.8;506.5;20;Haz.67;73.33;2;14.89;Nis.42;0.018;0.062;0.92
Brunei;ASIA (EX. NEAR EAST);379444;5770;65.8;Şub.79;Mar.59;Ara.61;18600;93.9;237.2;0.57;0.76;98.67;2;18.79;Mar.45;0.036;0.561;0.403
Bulgaria;EASTERN EUROPE;7385367;110910;66.6;0.32;-4.58;20.55;7600;98.6;336.3;40.02;Oca.92;58.06;3;Eyl.65;14.27;0.093;0.304;0.603
Burkina Faso;SUB-SAHARAN AFRICA;13902972;274200;50.7;0.00;0;97.57;1100;26.Haz;7.0;14.43;0.19;85.38;2;45.62;15.Haz;0.322;0.196;0.482
Burma;ASIA (EX. NEAR EAST);47382633;678500;69.8;0.28;-1.8;67.24;1800;85.3;10.Oca;15.19;0.97;83.84;2;17.91;Eyl.83;0.564;0.082;0.353
Burundi;SUB-SAHARAN AFRICA;8090068;27830;290.7;0.00;-0.06;69.29;600;51.6;3.Nis;35.05;14.Şub;50.93;2;42.22;13.46;0.463;0.203;0.334
Cambodia;ASIA (EX. NEAR EAST);13881427;181040;76.7;0.24;0;71.48;1900;69.4;2.Haz;20.96;0.61;78.43;2;26.Eyl;9.Haz;0.35;0.3;0.35
Cameroon;SUB-SAHARAN AFRICA;17340702;475440;36.5;0.08;0;68.26;1800;79.0;5.Tem;Ara.81;Şub.58;84.61;1.May;33.89;13.47;0.448;0.17;0.382
Canada;NORTHERN AMERICA;33098932;9984670;3.Mar;2.Şub;May.96;Nis.75;29800;97.0;552.2;Nis.96;0.02;95.02;;Eki.78;7.Ağu;0.022;0.294;0.684
Cape Verde;SUB-SAHARAN AFRICA;420979;4033;104.4;23.93;-12.07;47.77;1400;76.6;169.6;Eyl.68;0.5;89.82;3;24.87;Haz.55;0.121;0.219;0.66
Cayman Islands;LATIN AMER. & CARIB;45436;262;173.4;61.07;18.75;Ağu.19;35000;98.0;836.3;Mar.85;0;96.15;2;Ara.74;Nis.89;0.014;0.032;0.954
Central African Rep.;SUB-SAHARAN AFRICA;4303356;622984;6.Eyl;0.00;0;91;1100;51.0;2.Mar;3.Oca;0.14;96.76;2;33.91;18.65;0.55;0.2;0.25
Chad;SUB-SAHARAN AFRICA;9944201;1284000;7.Tem;0.00;-0.11;93.82;1200;47.5;1.Mar;Şub.86;0.02;97.12;2;45.73;16.38;0.335;0.259;0.406
Chile;LATIN AMER. & CARIB;16134219;756950;21.Mar;0.85;0;8.Ağu;9900;96.2;213.0;Şub.65;0.42;96.93;3;15.23;May.81;0.06;0.493;0.447
China;ASIA (EX. NEAR EAST);1313973713;9596960;136.9;0.15;-0.4;24.18;5000;90.9;266.7;15.Nis;Oca.25;83.35;1.May;13.25;Haz.97;0.125;0.473;0.403
Colombia;LATIN AMER. & CARIB;43593035;1138910;38.3;0.28;-0.31;20.97;6300;92.5;176.2;Şub.42;Oca.67;95.91;2;20.48;May.58;0.125;0.342;0.533
Comoros;SUB-SAHARAN AFRICA;690948;2170;318.4;15.67;0;74.93;700;56.5;24.May;35.87;23.32;40.81;2;36.93;8.Şub;0.4;0.04;0.56
Congo, Dem. Rep.;SUB-SAHARAN AFRICA;62660551;2345410;26.Tem;0.00;0;94.69;700;65.5;0.2;Şub.96;0.52;96.52;2;43.69;13.27;0.55;0.11;0.34
Congo, Repub. of the;SUB-SAHARAN AFRICA;3702314;342000;10.Ağu;0.05;-0.17;93.86;700;83.8;3.Tem;0.51;0.13;99.36;2;42.57;Ara.93;0.062;0.57;0.369
Cook Islands;OCEANIA;21388;240;89.1;50.00;;;5000;95.0;289.9;17.39;13.Nis;69.57;2;21;;0.151;0.096;0.753
Costa Rica;LATIN AMER. & CARIB;4075261;51100;79.8;Şub.52;0.51;Eyl.95;9100;96.0;340.7;Nis.41;May.88;89.71;2;18.32;Nis.36;0.088;0.299;0.614
Cote d'Ivoire;SUB-SAHARAN AFRICA;17654843;322460;54.8;0.16;-0.07;90.83;1400;50.9;14.Haz;Eyl.75;13.84;76.41;2;35.11;14.84;0.279;0.171;0.55
Croatia;EASTERN EUROPE;4494749;56542;79.5;Eki.32;Oca.58;Haz.84;10600;98.5;420.4;26.Eyl;Şub.27;71.65;;Eyl.61;Kas.48;0.07;0.308;0.622
Cuba;LATIN AMER. & CARIB;11382820;110860;102.7;Mar.37;-1.58;Haz.33;2900;97.0;74.7;33.05;7.Haz;59.35;2;Kas.89;Tem.22;0.055;0.261;0.684
Cyprus;NEAR EAST;784301;9250;84.8;7.Oca;0.43;Tem.18;19200;97.6;;Tem.79;Nis.44;87.77;3;Ara.56;Tem.68;0.037;0.198;0.765
Czech Republic;EASTERN EUROPE;10235455;78866;129.8;0.00;0.97;Mar.93;15700;99.9;314.3;39.8;3.May;57.15;3;9.Şub;Eki.59;0.034;0.393;0.573
Denmark;WESTERN EUROPE;5450661;43094;126.5;16.97;Şub.48;Nis.56;31100;100.0;614.6;54.02;0.19;45.79;3;Kas.13;Eki.36;0.018;0.246;0.735
Djibouti;SUB-SAHARAN AFRICA;486530;23000;21.Şub;Oca.37;0;104.13;1300;67.9;22.Ağu;0.04;0;99.96;1;39.53;19.31;0.179;0.225;0.596
Dominica;LATIN AMER. & CARIB;68910;754;91.4;19.63;-13.87;14.15;5400;94.0;304.8;Haz.67;20;73.33;2;15.27;Haz.73;0.177;0.328;0.495
Dominican Republic;LATIN AMER. & CARIB;9183984;48730;188.5;Şub.64;-3.22;32.38;6000;84.7;97.4;22.65;Eki.33;67.02;2;23.22;May.73;0.112;0.306;0.582
East Timor;ASIA (EX. NEAR EAST);1062777;15007;70.8;Nis.70;0;47.41;500;58.6;;Nis.71;0.67;94.62;2;26.99;Haz.24;0.085;0.231;0.684
Ecuador;LATIN AMER. & CARIB;13547510;283560;47.8;0.79;-8.58;23.66;3300;92.5;125.6;May.85;Nis.93;89.22;2;22.29;Nis.23;0.07;0.312;0.618
Egypt;NORTHERN AFRICA;78887007;1001450;78.8;0.24;-0.22;32.59;4000;57.7;131.8;Şub.87;0.48;96.65;1;22.94;May.23;0.149;0.357;0.493
El Salvador;LATIN AMER. & CARIB;6822378;21040;324.3;Oca.46;-3.74;25.Oca;4800;80.2;142.4;31.85;12.Tem;56.08;2;26.61;May.78;0.099;0.302;0.599
Equatorial Guinea;SUB-SAHARAN AFRICA;540109;28051;19.Mar;1.Haz;0;85.13;2700;85.7;18.May;Nis.63;Mar.57;91.8;2;35.59;15.Haz;0.03;0.906;0.062
Eritrea;SUB-SAHARAN AFRICA;4786994;121320;39.5;Oca.84;0;74.87;700;58.6;7.Eyl;Nis.95;0.03;95.02;1.May;34.33;9.Haz;0.102;0.254;0.643
Estonia;BALTICS;1324333;45226;29.Mar;Ağu.39;-3.16;Tem.87;12300;99.8;333.8;16.Nis;0.45;83.51;3;10.Nis;13.25;0.04;0.294;0.666
Ethiopia;SUB-SAHARAN AFRICA;74777981;1127127;66.3;0.00;0;95.32;700;42.7;8.Şub;Eki.71;0.75;88.54;2;37.98;14.86;0.475;0.099;0.426
Faroe Islands;WESTERN EUROPE;47246;1399;33.8;79.84;Oca.41;Haz.24;22000;;503.8;Şub.14;0;97.86;;14.May;8.Tem;0.27;0.11;0.62
Fiji;OCEANIA;905949;18270;49.6;Haz.18;-3.14;Ara.62;5800;93.7;112.6;Eki.95;Nis.65;84.4;2;22.55;May.65;0.089;0.135;0.776
Finland;WESTERN EUROPE;5231372;338145;15.May;0.37;0.95;Mar.57;27400;100.0;405.3;Tem.19;0.03;92.78;3;Eki.45;Eyl.86;0.028;0.295;0.676
France;WESTERN EUROPE;60876136;547030;111.3;0.63;0.66;Nis.26;27600;99.0;586.4;33.53;2.Tem;64.4;4;Kas.99;Eyl.14;0.022;0.214;0.764
French Guiana;LATIN AMER. & CARIB;199509;91000;2.Şub;0.42;Haz.27;12.Tem;8300;83.0;255.6;0.14;0.05;99.81;2;20.46;Nis.88;0.066;0.156;0.778
French Polynesia;OCEANIA;274578;4167;65.9;60.60;Şub.94;Ağu.44;17500;98.0;194.5;0.82;May.46;93.72;2;16.68;Nis.69;0.031;0.19;0.769
Gabon;SUB-SAHARAN AFRICA;1424906;267667;5.Mar;0.33;0;53.64;5500;63.2;27.Nis;Oca.26;0.66;98.08;2;36.16;Ara.25;0.061;0.592;0.348
Gambia, The;SUB-SAHARAN AFRICA;1641564;11300;145.3;0.71;Oca.57;72.02;1700;40.1;26.Ağu;25;0.5;74.5;2;39.37;Ara.25;0.308;0.142;0.549
Gaza Strip;NEAR EAST;1428757;360;3968.8;11.Kas;1.Haz;22.93;600;;244.3;28.95;21.May;50;3;39.45;3.Ağu;0.03;0.283;0.687
Georgia;C.W. OF IND. STATES;4661473;69700;66.9;0.44;-4.7;18.59;2500;99.0;146.6;Kas.44;Mar.86;84.7;3;Eki.41;Eyl.23;0.172;0.275;0.553
Germany;WESTERN EUROPE;82422299;357021;230.9;0.67;Şub.18;Nis.16;27600;99.0;609.9;33.85;0.59;65.56;3;Ağu.25;Eki.62;0.009;0.296;0.695
Ghana;SUB-SAHARAN AFRICA;22409572;239460;93.6;Şub.29;-0.64;51.43;2200;74.8;14.Nis;17.Ağu;May.71;76.49;2;30.52;Eyl.72;0.358;0.249;0.393
Gibraltar;WESTERN EUROPE;27967;6;4661.2;166.67;0;May.13;17500;;876.6;0;0;100;;Eki.76;Eyl.37;;;
Greece;WESTERN EUROPE;10688058;131940;81.0;Eki.37;Şub.58;May.53;20000;99.0;515.8;20.58;Ağu.59;70.83;3;Eyl.68;Eki.24;0.054;0.213;0.733
Greenland;NORTHERN AMERICA;56361;2166086;0.0;Şub.13;-8;15;41;20000;;448.9;0.0;0.0;100.0;1;15.93;Tem.84;;
Grenada;LATIN AMER. & CARIB;89703;344;260.8;35.50;-8.57;14.62;5000;98.0;364.5;May.88;14.71;79.41;2;22.Ağu;Haz.88;0.06;0.25;0.69
Guadeloupe;LATIN AMER. & CARIB;452177;1780;254.0;17.89;May.44;Ağu.63;8000;90.0;463.8;11.Kas;Nis.44;84.45;2;15.May;Haz.74;0.15;0.18;0.67
Guam;OCEANIA;171019;549;311.5;23.43;Oca.93;Haz.94;21000;96.0;492.0;Eki.91;Nis.55;84.54;2;18.79;Nis.98;;;
Guatemala;LATIN AMER. & CARIB;12246303;108890;112.5;0.37;-2.32;35.93;4100;70.6;92.8;Ara.54;5.May;82.41;2;29.88;5.Şub;0.135;0.236;0.629
Guernsey;WESTERN EUROPE;65228;78;836.3;64.10;0;Nis.68;20000;99.0;842.4;Ara.82;0.0;87.18;3;Ağu.81;10.Oca;0;0;0.9
